City_ID,City,Country,Lat,Lng,Max Temp,Humidity,Cloudiness,Wind Speed,Current Description
0,Atuona,PF,-9.8,-139.0333,77.22,76,20,16.06,few clouds
1,Barrow,US,71.2906,-156.7887,35.62,93,100,13.8,moderate rain
2,Punta Arenas,CL,-53.15,-70.9167,30.31,93,0,10.36,clear sky
3,Saint-Philippe,RE,-21.3585,55.7679,65.79,85,56,11.21,light rain
4,Bethel,US,41.3712,-73.414,75.76,66,100,4.0,overcast clouds
5,Yellowknife,CA,62.456,-114.3525,70.32,52,20,8.05,few clouds
6,Adrar,MR,20.5022,-10.0711,97.84,18,5,10.65,clear sky
7,Lavrentiya,RU,65.5833,-171.0,41.45,81,95,14.61,overcast clouds
8,Hilo,US,19.7297,-155.09,91.27,88,100,3.44,light rain
9,Puerto Ayora,EC,-0.7393,-90.3518,70.56,92,100,3.0,overcast clouds
10,Kapaa,US,22.0752,-159.319,85.98,71,100,19.57,overcast clouds
11,Manta,EC,-0.95,-80.7333,70.32,86,48,10.18,scattered clouds
12,Coihaique,CL,-45.5752,-72.0662,31.95,93,100,3.44,overcast clouds
13,Kavaratti,IN,10.5669,72.642,81.45,77,100,16.11,overcast clouds
14,Kolosovka,RU,56.4678,73.611,65.03,85,90,4.52,overcast clouds
15,Samarai,PG,-10.6167,150.6667,79.48,84,58,11.32,broken clouds
16,Bull Savanna,JM,17.8868,-77.5902,77.23,81,7,10.58,clear sky
17,Ushuaia,AR,-54.8,-68.3,33.46,69,0,8.05,clear sky
18,Marrakesh,MA,31.6315,-8.0083,87.87,20,0,5.75,clear sky
19,Port Alfred,ZA,-33.5906,26.891,63.28,56,29,16.15,scattered clouds
20,Linkoping,SE,58.4109,15.6216,56.59,87,100,10.36,overcast clouds
21,Avera,US,33.194,-82.5271,87.31,62,98,5.14,overcast clouds
22,Chokurdakh,RU,70.6333,147.9167,58.12,38,5,11.01,clear sky
23,Busselton,AU,-33.65,115.3333,49.91,82,34,7.2,scattered clouds
24,New Norfolk,AU,-42.7826,147.0587,52.72,74,88,5.01,overcast clouds
25,Rosarito,MX,32.3333,-117.0333,81.66,71,18,11.16,few clouds
26,Pierre,US,44.3683,-100.351,82.06,54,40,14.97,scattered clouds
27,Khandbari,NP,27.3747,87.2039,72.12,96,100,2.66,overcast clouds
28,Severo-Kurilsk,RU,50.6789,156.125,55.02,82,100,6.42,overcast clouds
29,Henties Bay,NA,-22.116,14.2845,52.99,87,4,5.68,clear sky
30,Lermontovka,RU,47.1453,134.3383,82.65,60,8,2.01,clear sky
31,Upernavik,GL,72.7868,-56.1549,38.07,88,94,8.59,overcast clouds
32,Rikitea,PF,-23.1203,-134.9692,75.04,73,55,8.88,light rain
33,Fairbanks,US,64.8378,-147.7164,55.09,73,75,13.8,light rain
34,Cap Malheureux,MU,-19.9842,57.6142,68.47,78,11,1.01,few clouds
35,Cherskiy,RU,68.75,161.3,52.84,45,14,8.81,few clouds
36,Esperance,AU,-33.8667,121.9,53.44,77,94,3.2,overcast clouds
37,Vaini,TO,-21.2,-175.2,73.92,72,100,12.5,overcast clouds
38,Avarua,CK,-21.2078,-159.775,75.25,60,40,16.11,scattered clouds
39,Houma,US,29.5958,-90.7195,86.0,79,0,1.99,clear sky
40,Hermanus,ZA,-34.4187,19.2345,55.35,85,74,0.76,broken clouds
41,Santa Maria,BR,-29.6842,-53.8069,61.9,100,6,4.61,mist
42,Istok,XK,42.7808,20.4875,71.26,53,79,5.17,broken clouds
43,Touros,BR,-5.1989,-35.4608,74.32,86,1,11.21,clear sky
44,Mataura,NZ,-46.1927,168.8643,44.47,97,100,5.66,overcast clouds
45,Copparo,IT,44.893,11.8249,76.98,76,18,5.61,few clouds
46,Hobart,AU,-42.8794,147.3294,53.06,76,20,8.05,few clouds
47,Hithadhoo,MV,-0.6,73.0833,76.3,92,100,13.33,heavy intensity rain
48,Beringovskiy,RU,63.05,179.3167,46.47,95,100,9.86,moderate rain
49,Kalmunai,LK,7.4167,81.8167,79.39,84,96,7.16,overcast clouds
50,Katsuura,JP,35.1333,140.3,82.72,82,76,15.46,broken clouds
51,Padang,ID,-0.9492,100.3543,73.45,80,100,2.1,overcast clouds
52,Cayenne,GF,4.9333,-52.3333,77.09,1,75,2.3,heavy intensity rain
53,Cabedelo,BR,-6.9811,-34.8339,74.07,85,40,9.82,scattered clouds
54,Limbang,MY,4.75,115.0,77.11,78,100,2.48,overcast clouds
55,Eura,FI,61.1333,22.1333,60.58,97,0,5.82,clear sky
56,Cape Town,ZA,-33.9258,18.4232,54.12,93,20,1.14,few clouds
57,Paamiut,GL,61.994,-49.6678,41.74,94,19,18.32,few clouds
58,Jonkoping,SE,57.7814,14.1562,56.39,93,75,9.22,broken clouds
59,Sibiti,CG,-3.6819,13.3499,64.27,85,15,2.17,few clouds
60,Biltine,TD,14.5333,20.9167,78.96,69,100,18.28,light rain
61,Tasiilaq,GL,65.6145,-37.6368,41.16,94,100,2.8,overcast clouds
62,Oum Hadjer,TD,13.2954,19.6966,76.3,79,100,9.91,light rain
63,Kavieng,PG,-2.5744,150.7967,84.9,64,66,13.11,broken clouds
64,Hovd,MN,48.0056,91.6419,62.33,35,4,1.48,clear sky
65,Calvinia,ZA,-31.4707,19.776,45.27,94,7,5.01,clear sky
66,Provideniya,RU,64.3833,-173.3,51.91,66,0,18.01,clear sky
67,Tuatapere,NZ,-46.1333,167.6833,45.57,95,100,4.29,overcast clouds
68,Bluff,NZ,-46.6,168.3333,44.8,91,100,20.36,light rain
69,Albany,US,42.6001,-73.9662,71.22,68,0,4.36,clear sky
70,Nelson Bay,AU,-32.7167,152.15,57.99,62,0,21.99,clear sky
71,Miraflores,MX,19.2167,-98.8083,68.65,82,96,3.29,overcast clouds
72,Vicuna,CL,-30.0319,-70.7081,47.93,63,1,1.12,clear sky
73,Yinchuan,CN,38.4681,106.2731,74.79,43,0,15.08,clear sky
74,Hirado,JP,33.3597,129.5531,80.53,78,0,4.74,clear sky
75,Keflavik,IS,64.0049,-22.5624,55.31,100,100,16.11,mist
76,Coquimbo,CL,-29.9533,-71.3436,55.13,94,75,2.3,broken clouds
77,Buraydah,SA,26.326,43.975,90.05,17,100,7.11,overcast clouds
78,Airai,TL,-8.9266,125.4092,66.96,47,66,5.19,broken clouds
79,Cidreira,BR,-30.1811,-50.2056,61.41,93,15,14.14,few clouds
80,Port Hardy,CA,50.6996,-127.4199,75.38,64,0,8.05,clear sky
81,Saint George,US,37.1041,-113.5841,96.8,30,0,5.99,clear sky
82,Leningradskiy,RU,69.3833,178.4167,35.69,94,100,5.84,overcast clouds
83,Yeppoon,AU,-23.1333,150.7333,64.18,42,0,10.22,clear sky
84,Balkhash,KZ,46.844,74.9804,73.8,46,0,7.58,clear sky
85,Vredendal,ZA,-31.6683,18.5012,56.93,80,99,2.73,overcast clouds
86,Khatanga,RU,71.9667,102.5,75.22,44,100,8.34,overcast clouds
87,Alihe,CN,50.5667,123.7167,71.46,87,100,4.16,light rain
88,Daru,PG,-9.0763,143.2092,78.87,79,78,14.47,broken clouds
89,Vitim,RU,59.4511,112.5578,65.44,76,45,5.88,scattered clouds
90,Carnarvon,AU,-24.8667,113.6333,65.61,37,100,6.02,overcast clouds
91,Chuy,UY,-33.6971,-53.4616,58.91,96,25,6.17,scattered clouds
92,Te Anau,NZ,-45.4167,167.7167,43.43,95,100,2.84,overcast clouds
93,Lebu,CL,-37.6167,-73.65,51.28,85,43,14.34,scattered clouds
94,San Cristobal,VE,7.7669,-72.225,71.78,96,97,2.26,overcast clouds
95,Sitka,US,57.0531,-135.33,62.49,82,100,4.61,overcast clouds
96,Manjacaze,MZ,-24.7117,33.8828,55.56,84,0,4.9,clear sky
97,Norman Wells,CA,65.282,-126.8329,57.24,94,100,17.27,light intensity shower rain
98,Kenai,US,60.5544,-151.2583,65.03,61,0,17.27,clear sky
99,Roebourne,AU,-20.7833,117.1333,72.48,29,6,14.23,clear sky
100,Shelburne,CA,44.0787,-80.2041,68.79,62,8,2.04,clear sky
101,North Bend,US,43.4065,-124.2243,77.23,83,0,10.36,clear sky
102,Roshchino,RU,60.2519,29.6085,62.31,94,100,5.73,overcast clouds
103,Bredasdorp,ZA,-34.5322,20.0403,49.55,94,8,5.64,clear sky
104,Ponta Do Sol,PT,32.6667,-17.1,75.83,59,0,5.86,clear sky
105,Georgetown,MY,5.4112,100.3354,82.89,90,20,2.3,few clouds
106,Awbari,LY,26.5921,12.7805,79.09,18,0,7.36,clear sky
107,Louga,RU,58.7372,29.8453,60.19,92,100,4.38,overcast clouds
108,Usinsk,RU,65.9939,57.5281,51.06,78,52,5.93,broken clouds
109,Tazovskiy,RU,67.4667,78.7,49.87,78,9,7.14,clear sky
110,Beaufort,MY,5.3473,115.7455,82.06,71,100,2.21,overcast clouds
111,Batagay-Alyta,RU,67.8006,130.4114,73.98,50,100,2.1,overcast clouds
112,San Jose,US,37.3394,-121.895,85.84,51,75,14.97,smoke
113,Sabang,ID,5.8933,95.3214,80.67,76,100,5.14,overcast clouds
114,Souillac,MU,-20.5167,57.5167,66.58,94,75,3.44,broken clouds
115,Denpasar,ID,-8.65,115.2167,78.46,88,40,10.36,scattered clouds
116,Asfi,MA,32.2994,-9.2372,73.04,78,1,15.23,clear sky
117,Auki,SB,-8.7676,160.7034,86.61,60,53,2.3,broken clouds
118,Camocim,BR,-2.9022,-40.8411,75.38,82,40,8.79,scattered clouds
119,Ndjole,GA,-0.1783,10.7649,74.03,88,100,4.25,overcast clouds
120,Faanui,PF,-16.4833,-151.75,78.44,73,22,9.31,few clouds
121,Ruteng,ID,-8.6136,120.4721,69.13,61,10,1.52,clear sky
122,Pitmedden,GB,57.3369,-2.1802,54.07,65,20,3.44,few clouds
123,Ahipara,NZ,-35.1667,173.1667,60.22,72,82,10.96,broken clouds
124,Kidal,ML,18.4411,1.4078,94.91,9,15,7.09,few clouds
125,Zapolyarnyy,RU,69.4154,30.8136,60.94,94,100,12.86,overcast clouds
126,Pangkalanbuun,ID,-2.6833,111.6167,77.94,91,100,2.84,overcast clouds
127,Thompson,CA,55.7435,-97.8558,60.96,88,75,4.61,broken clouds
128,San Patricio,US,28.017,-97.5169,90.84,57,100,14.72,overcast clouds
129,Hasaki,JP,35.7333,140.8333,88.29,81,98,17.31,overcast clouds
130,Saskylakh,RU,71.9167,114.0833,75.04,58,19,10.78,few clouds
131,Lufilufi,WS,-13.8745,-171.5986,85.78,79,47,19.66,light rain
132,Castro,BR,-24.7911,-50.0119,55.98,78,4,4.18,clear sky
133,Tamandare,BR,-8.7597,-35.1047,73.44,87,100,9.51,overcast clouds
134,Sambava,MG,-14.2667,50.1667,65.82,87,55,8.81,broken clouds
135,Vostok,RU,46.4856,135.8833,76.26,61,18,5.28,few clouds
136,Torbay,CA,47.6666,-52.7314,68.77,92,100,19.57,overcast clouds
137,Aasiaat,GL,68.7098,-52.8699,38.48,96,82,8.48,broken clouds
138,Cascais,PT,38.6979,-9.4215,68.47,73,0,23.0,clear sky
139,East London,ZA,-33.0153,27.9116,64.4,43,14,4.7,few clouds
140,Aklavik,CA,68.2191,-135.0107,66.29,33,100,19.35,overcast clouds
141,Jatai,BR,-17.8814,-51.7144,67.78,36,0,5.84,clear sky
142,Jamestown,US,42.097,-79.2353,72.99,51,0,8.05,clear sky
143,Nikolskoye,RU,59.7035,30.7861,66.79,91,100,5.01,overcast clouds
144,Honningsvag,NO,70.9821,25.9704,53.35,94,100,1.14,overcast clouds
145,Tuktoyaktuk,CA,69.4541,-133.0374,62.6,59,75,21.85,broken clouds
146,San Carlos De Bariloche,AR,-41.1456,-71.3082,37.24,93,40,5.75,scattered clouds
147,Jalu,LY,29.0331,21.5482,83.93,30,5,16.96,clear sky
148,Port Keats,AU,-14.25,129.55,79.61,31,7,12.68,clear sky
149,Nantucket,US,41.2835,-70.0995,75.31,83,0,10.36,clear sky
150,Tijuana,MX,32.5333,-117.0167,87.69,69,0,10.36,clear sky
151,Rock Sound,BS,24.9,-76.2,83.55,77,100,16.6,overcast clouds
152,Sur,OM,22.5667,59.5289,81.12,77,65,16.17,broken clouds
153,Srednekolymsk,RU,67.45,153.6833,55.89,43,21,14.54,few clouds
154,Pangnirtung,CA,66.1451,-65.7125,48.04,77,33,3.67,scattered clouds
155,Ponta Delgada,PT,37.7333,-25.6667,74.5,94,20,6.91,few clouds
156,Sao Joao Da Barra,BR,-21.6403,-41.0511,70.16,85,0,9.69,clear sky
157,Kabanjahe,ID,3.1001,98.4908,64.6,94,100,3.96,overcast clouds
158,Nome,US,64.5011,-165.4064,48.27,71,100,17.27,overcast clouds
159,Vila,PT,42.0304,-8.1588,55.71,80,0,4.5,clear sky
160,Belmonte,BR,-15.8631,-38.8828,70.83,77,1,8.55,clear sky
161,Cururupu,BR,-1.8283,-44.8683,74.62,92,24,3.04,few clouds
162,Kilindoni,TZ,-7.9139,39.6668,75.4,76,19,15.84,few clouds
163,Iqaluit,CA,63.7506,-68.5145,44.33,81,20,8.05,few clouds
164,Salamanca,ES,40.8333,-6.0,68.76,58,0,3.24,clear sky
165,Victoria,HK,22.2855,114.1577,89.26,72,14,5.01,few clouds
166,Brokopondo,SR,4.75,-55.1667,77.34,88,12,7.85,few clouds
167,Port Elizabeth,ZA,-33.918,25.5701,61.32,62,0,14.97,clear sky
168,Half Moon Bay,US,37.4636,-122.4286,81.91,68,100,18.41,overcast clouds
169,Lagoa,PT,39.05,-27.9833,72.84,89,8,11.43,clear sky
170,Codrington,AU,-38.2667,141.9667,54.5,85,100,12.88,overcast clouds
171,Klaksvik,FO,62.2266,-6.589,50.92,83,99,7.38,overcast clouds
172,Namibe,AO,-15.1961,12.1522,61.59,82,0,4.47,clear sky
173,Sirsa,IN,29.5333,75.0167,84.22,71,74,7.27,broken clouds
174,Verkhoyansk,RU,67.5447,133.385,77.63,46,63,2.21,broken clouds
175,Saint-Francois,FR,46.4154,3.9054,60.24,72,0,3.44,clear sky
176,Guaruja,BR,-23.9931,-46.2564,67.03,90,82,2.44,broken clouds
177,Borogontsy,RU,62.6683,131.1683,80.8,42,38,3.71,scattered clouds
178,Andenes,NO,69.3143,16.1194,51.93,100,100,13.8,overcast clouds
179,Nouadhibou,MR,20.931,-17.0347,78.78,89,0,6.91,clear sky
180,Thinadhoo,MV,0.5333,72.9333,75.4,95,100,11.9,overcast clouds
181,Kamaishi,JP,39.2667,141.8833,79.9,81,41,4.23,scattered clouds
182,Conde,BR,-7.2597,-34.9075,72.86,94,75,5.75,broken clouds
183,Canico,PT,32.6333,-16.85,75.83,73,20,18.41,few clouds
184,Ajdabiya,LY,30.7554,20.2263,77.13,71,0,6.31,clear sky
185,Pisco,PE,-13.7,-76.2167,60.85,88,20,9.22,mist
186,Noumea,NC,-22.2763,166.4572,78.78,99,0,4.36,clear sky
187,Kathmandu,NP,27.7167,85.3167,68.22,100,100,2.3,overcast clouds
188,Haines Junction,CA,60.7522,-137.5108,69.75,37,97,17.27,overcast clouds
189,Bereznehuvate,UA,47.3078,32.8499,63.84,62,0,2.57,clear sky
190,Ahuimanu,US,21.4447,-157.8378,83.91,71,100,20.71,light rain
191,Port Augusta,AU,-32.5,137.7667,55.56,53,100,4.92,overcast clouds
192,Kulhudhuffushi,MV,6.6221,73.07,81.55,77,50,14.97,scattered clouds
193,Chumikan,RU,54.7183,135.315,63.86,69,10,0.76,clear sky
194,Pevek,RU,69.7008,170.3133,34.39,87,100,11.92,overcast clouds
195,Rennes,FR,48.1667,-1.6667,56.57,88,0,3.44,clear sky
196,San Policarpo,PH,12.1791,125.5072,84.4,71,100,3.74,overcast clouds
197,Tiksi,RU,71.6872,128.8694,53.78,75,100,3.78,overcast clouds
198,Yola,NG,9.2,12.4833,75.13,92,100,3.15,light rain
199,Morondava,MG,-20.2833,44.2833,66.38,71,0,11.83,clear sky
200,Russell,US,32.3502,-85.1999,89.2,66,20,3.44,few clouds
201,Tshikapa,CD,-6.4167,20.8,71.15,34,51,3.09,broken clouds
202,Fereydun Kenar,IR,36.6864,52.5225,77.13,81,3,2.42,clear sky
203,Arraial Do Cabo,BR,-22.9661,-42.0278,69.76,83,40,5.75,scattered clouds
204,Ixtapa,MX,20.7,-105.2,85.23,74,75,10.36,broken clouds
205,Capreol,CA,46.706,-80.9225,72.07,53,40,10.36,scattered clouds
206,Tucurui,BR,-3.7661,-49.6725,77.72,63,82,1.48,broken clouds
207,Bengkulu,ID,-3.8004,102.2655,77.38,82,97,3.11,overcast clouds
208,Tomakomai,JP,42.6369,141.6033,75.34,83,75,4.61,broken clouds
209,Koulamoutou,GA,-1.1303,12.4736,69.37,82,53,1.5,broken clouds
210,Marawi,PH,7.9986,124.2928,79.38,68,49,2.77,scattered clouds
211,Camacha,PT,33.0833,-16.3333,67.42,83,40,14.97,scattered clouds
212,Nanortalik,GL,60.1432,-45.2371,43.59,92,62,1.79,broken clouds
213,Qaanaaq,GL,77.484,-69.3632,40.69,69,58,0.94,broken clouds
214,Tres Arroyos,AR,-38.3739,-60.2798,53.24,96,100,5.61,overcast clouds
215,Letlhakane,BW,-21.4167,25.5833,54.01,63,0,9.13,clear sky
216,Bubaque,GW,11.2833,-15.8333,79.77,77,84,9.28,broken clouds
217,Launceston,AU,-41.45,147.1667,46.15,100,25,3.44,scattered clouds
218,Gladstone,AU,-23.85,151.25,62.53,39,0,11.5,clear sky
219,Talnakh,RU,69.4865,88.3972,60.21,60,96,5.17,overcast clouds
220,Sao Filipe,CV,14.8961,-24.4956,77.2,85,65,2.84,broken clouds
221,Yarada,IN,17.65,83.2667,82.26,77,100,0.43,overcast clouds
222,Husavik,IS,66.0449,-17.3389,51.66,82,100,5.68,overcast clouds
223,Caibarien,CU,22.5206,-79.4669,76.32,85,89,14.74,light rain
224,Itarema,BR,-2.9248,-39.9167,77.77,76,78,13.06,broken clouds
225,Port-Gentil,GA,-0.7193,8.7815,73.99,83,97,13.87,overcast clouds
226,Kaman,IN,27.65,77.2667,83.32,73,88,6.71,overcast clouds
227,Luderitz,NA,-26.6481,15.1594,53.94,78,0,2.66,clear sky
228,Qasigiannguit,GL,68.8193,-51.1922,44.85,98,100,3.33,overcast clouds
229,Cairns,AU,-16.9167,145.7667,79.07,68,75,12.66,broken clouds
230,Turukhansk,RU,65.8167,87.9833,62.64,66,0,1.97,clear sky
231,Bilma,NE,18.6853,12.9164,88.83,12,26,5.95,scattered clouds
232,Ust-Kuyga,RU,70.0167,135.6,72.73,55,42,1.61,scattered clouds
233,Castlemaine,AU,-37.0667,144.2167,51.04,86,100,10.09,overcast clouds
234,Whitehorse,CA,60.7161,-135.0538,77.77,27,75,10.36,broken clouds
235,Lompoc,US,34.6391,-120.4579,83.01,73,0,16.11,clear sky
236,Nuuk,GL,64.1835,-51.7216,41.61,93,100,9.22,overcast clouds
237,Teguise,ES,29.0605,-13.564,73.62,73,0,26.46,clear sky
238,Kargil,IN,34.5667,76.1,59.0,69,99,5.48,overcast clouds
239,Nagato,JP,34.3833,131.2,84.09,72,0,4.09,clear sky
240,Bilibino,RU,68.0546,166.4372,48.87,47,34,14.09,scattered clouds
241,Lasa,IT,46.6166,10.7002,67.08,90,100,2.08,overcast clouds
242,Sao Gabriel Da Cachoeira,BR,-0.1303,-67.0892,73.09,98,100,1.74,light rain
243,Grindavik,IS,63.8424,-22.4338,55.35,100,100,16.11,mist
244,Pozega,HR,45.3403,17.6853,65.95,91,27,1.43,scattered clouds
245,Acajutla,SV,13.5928,-89.8275,79.65,80,41,2.77,scattered clouds
246,Dudinka,RU,69.4058,86.1778,60.62,55,67,10.58,broken clouds
247,Hofn,IS,64.2539,-15.2082,50.07,92,100,2.04,overcast clouds
248,Progreso,MX,21.2833,-89.6667,77.11,80,47,19.62,scattered clouds
249,Sokolo,ML,14.7328,-6.1219,87.21,51,100,14.7,overcast clouds
250,Sioux Lookout,CA,50.1001,-91.917,69.87,64,40,6.91,scattered clouds
251,Wittenberge,DE,53.0,11.75,55.04,77,48,5.5,scattered clouds
252,Laguna,US,38.421,-121.4238,101.32,29,0,12.66,clear sky
253,Leh,IN,34.1667,77.5833,58.33,73,100,2.89,overcast clouds
254,Hobyo,SO,5.3505,48.5268,75.65,82,27,20.65,scattered clouds
255,Sertania,BR,-8.0736,-37.2644,66.13,94,100,7.14,overcast clouds
256,Butaritari,KI,3.0707,172.7902,81.9,76,6,19.69,clear sky
257,Paka,MY,4.6374,103.4368,78.73,94,40,0.0,scattered clouds
258,Ancud,CL,-41.8697,-73.8203,49.23,94,98,8.46,overcast clouds
259,Santa Ines,BR,-3.6667,-45.38,75.22,64,21,3.47,few clouds
260,Varhaug,NO,58.6147,5.6457,51.89,78,100,26.26,overcast clouds
261,Wau,SS,7.7029,27.9953,69.67,97,100,4.7,overcast clouds
262,Geraldton,AU,-28.7667,114.6,48.61,81,0,11.5,clear sky
263,Gat,IL,31.61,34.7642,77.4,62,0,3.06,clear sky
264,Semey,KZ,50.4111,80.2275,66.42,52,0,4.47,clear sky
265,La Asuncion,VE,11.0333,-63.8628,69.53,100,53,13.8,broken clouds
266,Lazaro Cardenas,MX,17.9583,-102.2,82.27,71,66,4.14,broken clouds
267,Omboue,GA,-1.5746,9.2618,70.88,89,99,5.01,overcast clouds
268,Carutapera,BR,-1.195,-46.02,76.77,86,95,6.76,overcast clouds
269,Mengcheng,CN,33.2579,116.5655,83.46,69,4,3.69,clear sky
270,Bela,IN,25.9333,81.9833,85.48,73,95,4.65,overcast clouds
271,Tanggu,CN,39.0211,117.6469,80.56,79,19,8.32,few clouds
272,Ribeira Grande,PT,38.5167,-28.7,74.1,86,14,7.94,few clouds
273,Conceicao Do Araguaia,BR,-8.2578,-49.2647,73.98,38,100,2.19,overcast clouds
274,Robertsport,LR,6.7533,-11.3686,76.66,79,100,6.26,overcast clouds
275,San Luis,AR,-33.295,-66.3356,54.12,94,100,8.7,overcast clouds
276,Barstow,US,34.8986,-117.0228,101.39,15,65,4.83,broken clouds
277,Hami,CN,42.8,93.45,84.6,12,0,9.06,clear sky
278,Saldanha,ZA,-33.0117,17.9442,53.65,90,1,6.35,clear sky
279,Kodiak,US,57.79,-152.4072,53.11,71,0,8.05,clear sky
280,Aksarka,RU,66.5606,67.7975,51.26,84,83,11.59,broken clouds
281,Chara,RU,56.9064,118.2631,75.52,55,78,1.7,broken clouds
282,Vila Franca Do Campo,PT,37.7167,-25.4333,74.19,95,25,4.38,scattered clouds
283,Maceio,BR,-9.6658,-35.7353,74.64,88,75,9.22,broken clouds
284,Vestmannaeyjar,IS,63.4427,-20.2734,53.47,99,100,14.05,overcast clouds
285,Nemuro,JP,43.3236,145.575,66.25,95,100,6.02,overcast clouds
286,Anori,BR,-3.7728,-61.6442,81.41,57,97,2.86,overcast clouds
287,Saint-Augustin,CA,51.226,-58.6502,60.93,76,2,17.11,clear sky
288,Thayetmyo,MM,19.3167,95.1833,82.74,74,84,2.37,broken clouds
289,Kedrovyy,RU,56.1667,91.8167,54.01,93,100,4.23,overcast clouds
290,Devils Lake,US,48.1128,-98.8651,71.94,60,20,11.5,few clouds
291,Qostanay,KZ,53.1667,63.5833,66.49,77,0,11.18,clear sky
292,Bethune,FR,50.5333,2.6333,61.05,81,93,5.75,overcast clouds
293,Ciudad Bolivar,VE,8.1222,-63.5497,80.94,66,50,5.68,scattered clouds
294,Port Lincoln,AU,-34.7333,135.8667,57.49,67,100,16.62,overcast clouds
295,Rudbar,AF,30.15,62.6,85.57,62,5,7.7,clear sky
296,Dikson,RU,73.5069,80.5464,43.52,97,100,22.48,moderate rain
297,Ribas Do Rio Pardo,BR,-20.4431,-53.7592,71.28,39,0,4.07,clear sky
298,Concordia,AR,-31.393,-58.0209,70.79,89,5,4.0,clear sky
299,Registro,BR,-24.4875,-47.8436,59.97,99,28,0.92,scattered clouds
300,Fairview,US,40.8126,-73.999,79.83,50,0,6.91,clear sky
301,Asheboro,US,35.7079,-79.8136,76.62,96,0,0.0,clear sky
302,Alofi,NU,-19.0595,-169.9187,78.69,100,40,14.97,scattered clouds
303,Muyezerskiy,RU,63.9333,31.65,60.94,84,100,9.4,light rain
304,Murgab,TM,37.4966,61.9714,78.67,50,0,9.22,clear sky
305,Kaitangata,NZ,-46.2817,169.8464,45.79,97,100,10.09,overcast clouds
306,Kununurra,AU,-15.7667,128.7333,76.98,27,3,10.36,clear sky
307,Katherine,AU,-14.4667,132.2667,73.72,31,4,12.66,clear sky
308,Bambous Virieux,MU,-20.3428,57.7575,67.21,94,75,3.44,broken clouds
309,Haapiti,PF,-17.5667,-149.8667,82.13,78,32,9.19,moderate rain
310,Viedma,AR,-40.8135,-62.9967,49.06,97,100,5.39,overcast clouds
311,Mitu,CO,1.1983,-70.1733,71.44,98,15,0.45,few clouds
312,Wanning,CN,18.8003,110.3967,84.96,73,25,2.84,scattered clouds
313,Zhovtneve,UA,50.6637,24.2492,60.58,97,100,9.04,overcast clouds
314,Guaca,CO,6.8762,-72.8559,56.48,91,95,4.03,overcast clouds
315,Kisesa,TZ,-3.0833,34.15,62.17,65,71,8.19,broken clouds
316,Clyde River,CA,70.4692,-68.5914,39.43,100,100,0.0,overcast clouds
317,Rio Gallegos,AR,-51.6226,-69.2181,21.25,93,0,3.44,clear sky
318,Toora-Khem,RU,52.4675,96.11,51.58,77,99,0.51,overcast clouds
319,Shaowu,CN,27.3409,117.4831,90.23,56,96,2.33,overcast clouds
320,Yulara,AU,-25.2406,130.9889,53.11,40,0,12.66,clear sky
321,Ende,ID,-8.8432,121.6623,80.51,60,68,1.12,broken clouds
322,Fortuna,US,40.5982,-124.1573,65.93,76,36,3.0,scattered clouds
323,Grants Pass,US,42.439,-123.3284,107.37,24,0,1.99,clear sky
324,Grand Gaube,MU,-20.0064,57.6608,67.37,78,13,3.0,few clouds
325,Ambulu,ID,-8.345,113.6058,77.99,74,15,1.88,few clouds
326,Stryn,NO,61.9045,6.7226,53.15,96,100,4.97,overcast clouds
327,Genhe,CN,50.7833,121.5167,75.33,67,100,5.06,light rain
328,Hohhot,CN,40.8106,111.6522,68.29,73,20,4.47,few clouds
329,Nurota,UZ,40.5614,65.6886,77.32,41,5,13.13,clear sky
330,Aswan,EG,24.0934,32.907,87.1,15,0,5.75,clear sky
331,Urusha,RU,54.05,122.9,75.47,69,100,8.97,light rain
332,Baghdad,IQ,33.3406,44.4009,80.51,29,0,3.44,clear sky
333,Kluang,MY,2.0251,103.3328,78.62,89,51,2.77,broken clouds
334,Srivardhan,IN,18.0333,73.0167,78.44,85,100,4.16,overcast clouds
335,Kuusamo,FI,65.9667,29.1833,64.44,82,100,11.5,overcast clouds
336,Charters Towers,AU,-20.1,146.2667,71.58,49,0,11.5,clear sky
337,Constitucion,CL,-35.3333,-72.4167,51.42,93,99,5.84,overcast clouds
338,San Pedro,PH,14.35,121.0167,86.32,77,20,1.14,few clouds
339,Mastic Beach,US,40.7668,-72.8521,75.97,80,0,11.99,clear sky
340,Mitsamiouli,KM,-11.3847,43.2844,75.65,70,1,5.21,clear sky
341,Vila Do Maio,CV,15.1333,-23.2167,79.59,84,100,7.31,overcast clouds
342,Tilichiki,RU,60.4667,166.1,51.57,85,100,2.73,light rain
343,Ust-Ishim,RU,57.6935,71.1665,58.8,93,100,6.53,overcast clouds
344,Talaya,RU,61.3833,152.75,54.27,73,100,1.79,overcast clouds
345,Ishinomaki,JP,38.4167,141.3,77.0,79,14,1.54,few clouds
346,Lapi,PH,17.716,121.8978,85.78,73,89,1.54,overcast clouds
347,Isla Mujeres,MX,21.2311,-86.731,86.16,79,16,10.02,few clouds
348,Yar-Sale,RU,66.8333,70.8333,51.44,80,100,6.33,overcast clouds
349,Seoul,KR,37.5683,126.9778,83.77,72,75,5.75,broken clouds
350,Jewar,IN,28.1333,77.55,83.91,71,43,6.26,scattered clouds
351,Oranjemund,NA,-28.55,16.4333,52.61,88,4,2.42,clear sky
352,Uvira,CD,-3.4067,29.1458,72.19,70,100,2.82,overcast clouds
353,Hamilton,US,39.1834,-84.5333,76.23,84,100,1.63,overcast clouds
354,Rio Grande,BR,-32.035,-52.0986,62.71,97,36,8.7,scattered clouds
355,Najran,SA,17.4924,44.1277,81.25,47,100,5.99,overcast clouds
356,Mehamn,NO,71.0357,27.8492,57.15,94,100,0.0,overcast clouds
357,Prado,BR,-17.3411,-39.2208,69.82,83,4,7.58,clear sky
358,Severo-Yeniseyskiy,RU,60.3725,93.0408,53.15,97,100,10.11,light rain
359,San Quintin,MX,30.4833,-115.95,70.56,73,1,12.5,clear sky
360,San Martin,AR,-33.081,-68.4681,51.78,81,64,13.56,broken clouds
361,Muroto,JP,33.2833,134.15,81.91,81,88,7.29,overcast clouds
362,Medicine Hat,CA,50.0501,-110.6683,79.23,41,40,6.91,scattered clouds
363,Namatanai,PG,-3.6667,152.4333,84.88,62,63,7.67,broken clouds
364,Celestun,MX,20.8667,-90.4,82.24,76,22,18.48,few clouds
365,Korem,ET,12.5058,39.5228,58.96,72,100,5.61,overcast clouds
366,Gohand,IN,25.7,79.55,82.33,78,100,7.54,overcast clouds
367,Fare,PF,-16.7,-151.0167,78.28,70,6,5.23,clear sky
368,Chimbote,PE,-9.0853,-78.5783,62.01,87,67,10.45,broken clouds
369,Paris,FR,48.8534,2.3488,63.25,78,0,8.05,clear sky
370,Los Llanos De Aridane,ES,28.6585,-17.9182,74.95,50,0,12.66,clear sky
371,Komsomolskiy,UZ,40.4272,71.7189,81.32,34,4,4.61,clear sky
372,Camana,PE,-16.6228,-72.7111,60.66,85,88,7.49,overcast clouds
373,Hun,LY,29.1268,15.9477,77.97,41,3,3.02,clear sky
374,Sorong,ID,-0.8833,131.25,81.72,77,83,7.72,broken clouds
375,Ust-Tsilma,RU,65.441,52.1498,53.71,70,92,4.07,overcast clouds
376,Ilulissat,GL,69.2167,-51.1,44.62,93,100,6.91,overcast clouds
377,Salym,RU,60.0625,71.4789,56.46,83,100,7.72,overcast clouds
378,Bandarbeyla,SO,9.4942,50.8122,77.81,69,6,27.25,clear sky
379,Nioro,GM,13.35,-15.75,76.8,92,90,5.35,overcast clouds
380,Epe,NG,6.5841,3.9834,74.35,95,86,6.02,light rain
381,Staryy Nadym,RU,65.6118,72.6842,51.85,77,96,8.41,overcast clouds
382,Cabinda,AO,-5.55,12.2,69.46,91,33,4.45,scattered clouds
383,Las Palmas,ES,28.4204,-14.0131,79.59,44,0,10.36,clear sky
384,Port Blair,IN,11.6667,92.75,78.84,94,40,1.14,scattered clouds
385,Zemio,CF,5.0314,25.1361,67.93,98,100,1.23,light rain
386,Wukari,NG,7.85,9.7833,71.46,96,100,8.52,light rain
387,Andilamena,MG,-17.0167,48.5833,53.64,90,80,4.21,broken clouds
388,Sorland,NO,67.667,12.6934,51.66,86,100,27.76,overcast clouds
389,Aquiraz,BR,-3.9014,-38.3911,79.18,83,99,10.13,overcast clouds
390,Praia Da Vitoria,PT,38.7333,-27.0667,73.76,94,20,5.5,few clouds
391,Atikokan,CA,48.7555,-91.6216,62.71,94,54,4.47,broken clouds
392,Dingle,PH,10.9995,122.6711,84.38,77,75,8.79,broken clouds
393,Loa Janan,ID,-0.583,117.095,78.62,89,100,2.93,overcast clouds
394,Ures,MX,29.4333,-110.4,90.57,47,10,6.06,clear sky
395,Calafell,ES,41.2,1.5683,81.82,89,90,6.17,overcast clouds
396,Zhigansk,RU,66.7697,123.3711,73.71,56,21,4.25,few clouds
397,Victor Harbor,AU,-35.5667,138.6167,55.99,77,100,5.01,overcast clouds
398,Kambove,CD,-10.8764,26.5969,54.77,56,29,5.37,scattered clouds
399,Teberda,RU,43.4456,41.7448,53.83,94,21,6.55,few clouds
400,Rafaela,AR,-31.2503,-61.4867,73.98,50,20,7.34,few clouds
401,Waingapu,ID,-9.6567,120.2641,79.61,62,83,14.16,broken clouds
402,Townsville,AU,-19.25,146.8,71.83,61,0,4.54,clear sky
403,Anadyr,RU,64.75,177.4833,50.5,81,40,17.9,scattered clouds
404,Teknaf,BD,20.8624,92.3058,81.14,78,18,2.51,few clouds
405,Ballina,AU,-28.8667,153.5667,59.77,49,0,11.56,clear sky
406,Zhovkva,UA,50.0583,23.9726,59.88,96,100,11.39,light rain
407,Katobu,ID,-4.9408,122.5276,81.1,72,65,8.97,broken clouds
408,Liwale,TZ,-9.7667,37.9333,59.27,97,4,3.15,clear sky
409,Bathsheba,BB,13.2167,-59.5167,81.21,87,20,17.27,few clouds
410,Goderich,CA,43.7501,-81.7165,71.92,46,100,4.61,overcast clouds
411,Veraval,IN,20.9,70.3667,80.87,82,100,9.19,overcast clouds
412,Dawlatabad,AF,36.4141,64.9053,83.34,29,0,7.65,clear sky
413,Lata,PT,40.1629,-8.3327,55.06,97,7,1.95,clear sky
414,Bam,IR,29.106,58.357,82.11,59,100,4.72,light rain
415,Mount Pleasant,US,32.7941,-79.8626,85.08,80,0,10.36,clear sky
416,Osorno,CL,-40.5667,-73.15,50.31,76,75,5.75,moderate rain
417,Kingsville,US,27.5159,-97.8561,92.08,66,75,19.57,broken clouds
418,Shubarkuduk,KZ,49.1447,56.4872,67.06,65,17,5.64,few clouds
419,Ridgecrest,US,35.6225,-117.6709,105.66,12,40,8.05,scattered clouds
420,Harper,LR,4.375,-7.7169,75.18,81,94,9.22,overcast clouds
421,Huarmey,PE,-10.0681,-78.1522,62.73,86,84,10.49,broken clouds
422,Bara,NG,10.3744,10.7288,74.37,90,100,10.27,overcast clouds
423,Ketchikan,US,55.3422,-131.6461,73.87,68,0,10.36,clear sky
424,Fort Saint James,CA,54.4333,-124.25,88.27,28,3,5.59,clear sky
425,Nishihara,JP,26.1842,127.7558,85.68,79,40,9.22,scattered clouds
426,Quatre Cocos,MU,-20.2078,57.7625,67.08,77,36,11.34,scattered clouds
427,Makakilo City,US,21.3469,-158.0858,82.72,62,100,20.71,overcast clouds
428,Terra Santa,BR,-2.1042,-56.4869,77.61,70,64,2.77,broken clouds
429,Oistins,BB,13.0667,-59.5333,80.69,74,20,17.27,few clouds
430,Brae,GB,60.3964,-1.353,50.02,88,55,6.04,broken clouds
431,Grosseto,IT,42.8333,11.25,74.89,88,0,2.3,clear sky
432,Umm Kaddadah,SD,13.6017,26.6876,84.33,53,100,15.12,overcast clouds
433,Adamas,GR,36.7333,24.4333,75.63,73,0,9.89,clear sky
434,Namikupa,TZ,-10.8333,39.6,61.97,97,13,2.8,few clouds
435,Omsukchan,RU,62.5333,155.8,65.82,35,92,9.55,overcast clouds
436,Gamba,GA,-2.65,10.0,68.79,93,27,4.76,scattered clouds
437,Great Yarmouth,GB,52.6083,1.7305,57.45,71,59,6.87,broken clouds
438,Chapais,CA,49.7834,-74.8492,56.98,91,93,2.93,overcast clouds
439,Karwar,IN,14.8,74.1333,76.24,86,69,3.31,broken clouds
440,Kutum,SD,14.2,24.6667,73.92,66,30,15.57,scattered clouds
441,Mar Del Plata,AR,-38.0023,-57.5575,55.09,98,100,5.75,fog
442,Tarut,SA,26.5733,50.0369,86.2,40,89,2.44,overcast clouds
443,Viseu,PT,40.661,-7.9097,54.86,87,0,1.39,clear sky
444,Rawson,AR,-43.3002,-65.1023,45.14,95,100,10.85,light rain
445,Hazorasp,UZ,41.3194,61.0742,69.64,36,3,8.3,clear sky
446,Fohnsdorf,AT,47.2183,14.6819,59.68,88,20,2.3,few clouds
447,Srono,ID,-8.4,114.2666,77.09,81,64,2.1,broken clouds
448,Matagami,CA,49.7502,-77.6328,68.11,64,89,5.75,overcast clouds
449,Matara,LK,5.9485,80.5353,76.51,93,100,6.67,overcast clouds
450,Evensk,RU,61.95,159.2333,62.35,64,12,6.04,few clouds
451,Hirara,JP,24.8,125.2833,89.46,74,40,11.5,scattered clouds
452,Portland,US,45.5234,-122.6762,103.55,27,0,5.75,clear sky
453,Lae,PG,-6.7221,146.9847,83.07,63,100,2.37,overcast clouds
454,Ipixuna,BR,-1.7625,-48.8043,76.69,85,100,3.58,overcast clouds
455,Sola,VU,-13.8833,167.55,86.67,79,40,3.44,scattered clouds
456,Dondo,MZ,-19.6094,34.7431,60.31,93,0,3.31,clear sky
457,Santa Cruz,BO,-17.8,-63.1667,76.46,78,6,4.61,clear sky
458,Yima,CN,34.7381,111.8839,74.03,86,100,7.96,overcast clouds
459,Mayo,US,38.8876,-76.5119,77.41,87,100,4.94,light rain
460,Micheweni,TZ,-4.9667,39.8333,74.07,80,88,14.36,overcast clouds
461,Manaus,BR,-3.1019,-60.025,86.49,66,0,4.61,clear sky
462,Mahebourg,MU,-20.4081,57.7,67.24,94,75,3.44,broken clouds
463,Yelovo,RU,57.0538,54.9207,57.31,91,1,7.92,clear sky
464,Isangel,VU,-19.55,169.2667,84.31,74,75,4.61,broken clouds
465,Emerald,AU,-23.5333,148.1667,59.34,51,0,18.86,clear sky
466,Omagh,GB,54.6,-7.3,47.12,94,100,0.18,overcast clouds
467,Aksu,CN,41.1231,80.2644,86.2,21,1,4.56,clear sky
468,Getulio Vargas,UY,-32.6796,-53.5494,64.08,91,93,5.14,overcast clouds
469,Rabo De Peixe,PT,37.8,-25.5833,73.27,76,20,6.91,few clouds
470,Chernyshevskiy,RU,63.0128,112.4714,78.94,63,2,3.44,clear sky
471,Bagdarin,RU,54.4333,113.6,61.56,98,100,7.99,light rain
472,Brainerd,US,46.358,-94.2008,73.65,83,100,8.05,overcast clouds
473,Durazno,UY,-33.4131,-56.5006,66.7,92,79,8.68,broken clouds
474,Zhezkazgan,KZ,47.8043,67.7144,62.58,63,0,4.47,clear sky
475,Havre-Saint-Pierre,CA,50.2334,-63.5986,57.56,88,0,9.22,clear sky
476,Port Macquarie,AU,-31.4333,152.9167,59.9,46,0,14.18,clear sky
477,Longyearbyen,SJ,78.2186,15.6401,45.37,90,66,2.46,broken clouds
478,Ornskoldsvik,SE,63.2909,18.7153,56.35,100,40,4.61,scattered clouds
479,Vestmanna,FO,62.1564,-7.1664,49.12,100,100,4.61,overcast clouds
480,Faranah,GN,10.0404,-10.7434,70.5,97,100,4.18,light rain
481,Chachapoyas,PE,-6.2317,-77.869,50.74,98,58,2.64,broken clouds
482,Luanda,AO,-8.8368,13.2343,71.6,83,75,6.91,broken clouds
483,Phuket,TH,8.0,98.25,86.09,100,20,3.44,few clouds
484,Sept-Iles,CA,50.2001,-66.3821,71.6,68,75,13.8,broken clouds
485,Ulladulla,AU,-35.35,150.4667,58.6,44,7,10.94,clear sky
486,Deputatskiy,RU,69.3,139.9,58.24,52,21,10.76,few clouds
487,Kruisfontein,ZA,-34.0033,24.7314,55.96,72,99,17.34,overcast clouds
488,Goroka,PG,-6.0834,145.3873,69.71,76,100,2.48,overcast clouds
489,Kalemie,CD,-5.9475,29.1947,69.21,70,98,1.7,overcast clouds
490,Alice Springs,AU,-23.7,133.8833,47.75,57,0,9.22,clear sky
491,Kusa,RU,55.3383,59.4406,57.54,99,90,4.27,overcast clouds
492,High Level,CA,58.5169,-117.136,80.71,47,75,8.05,broken clouds
493,Lorengau,PG,-2.0226,147.2712,84.7,71,20,10.0,few clouds
494,Sao Bernardo,BR,-3.3614,-42.4178,72.07,86,100,4.32,overcast clouds
495,Gariaband,IN,20.635,82.0614,75.74,92,100,1.86,overcast clouds
496,Am Timan,TD,11.0297,20.2827,72.25,90,100,2.04,overcast clouds
497,Livingston,GB,55.9029,-3.5226,52.21,83,0,1.14,clear sky
498,Mezen,RU,65.8522,44.24,60.78,72,97,8.93,overcast clouds
499,Nata,PA,8.3333,-80.5167,76.53,89,100,3.62,overcast clouds
500,Kandry,RU,54.5667,54.1167,61.23,95,95,4.63,overcast clouds
501,Casa Nova,BR,-9.4167,-41.1333,75.58,63,100,20.15,overcast clouds
502,Corner Brook,CA,48.9667,-57.9484,62.76,95,9,4.65,clear sky
503,Fort-Shevchenko,KZ,44.5086,50.263,76.05,66,24,1.3,few clouds
504,Porto Velho,BR,-8.7619,-63.9039,75.25,64,0,3.44,clear sky
505,Eureka,US,40.8021,-124.1637,66.2,74,50,5.01,scattered clouds
506,Atyrau,KZ,47.1167,51.8833,69.82,83,0,6.71,clear sky
507,Cadillac,US,44.2519,-85.4012,71.51,53,0,4.61,clear sky
508,Quelimane,MZ,-17.8786,36.8883,62.55,94,0,3.44,clear sky
509,Udachnyy,RU,66.4167,112.4,75.45,56,8,13.94,clear sky
510,Gambo,CF,4.6482,22.2633,68.85,99,100,0.76,light rain
511,Sungaipenuh,ID,-2.0833,101.3833,68.63,79,96,0.36,overcast clouds
512,Iquitos,PE,-3.7481,-73.2472,77.04,94,20,3.44,few clouds
513,Korla,CN,41.7597,86.1469,87.12,16,6,2.93,clear sky
514,Lensk,RU,60.7253,114.9278,77.58,58,28,7.31,scattered clouds
515,Vardo,NO,70.3705,31.1107,57.18,100,75,9.22,light rain
516,Kahului,US,20.8947,-156.47,87.82,62,40,28.77,scattered clouds
517,Dryden,CA,49.7833,-92.7503,71.89,49,75,9.22,broken clouds
518,Pasighat,IN,28.0667,95.3333,78.31,94,76,2.1,broken clouds
519,Port Hedland,AU,-20.3167,118.5667,68.05,37,0,10.36,clear sky
520,Llangefni,GB,53.2556,-4.3106,51.12,87,1,3.44,clear sky
521,Sampit,ID,-2.5333,112.95,78.1,92,99,1.23,overcast clouds
522,Yelizovo,RU,53.1873,158.3805,68.14,64,75,7.0,broken clouds
523,Rafai,CF,4.95,23.9167,68.45,96,100,0.43,overcast clouds
524,Santa Rosa,PH,14.3122,121.1114,87.1,76,74,3.18,broken clouds
525,Canoinhas,BR,-26.1772,-50.39,55.11,97,8,2.71,clear sky
526,Guerrero Negro,MX,27.9769,-114.0611,73.44,70,8,14.5,clear sky
527,Baijiantan,CN,45.6333,85.1833,80.6,17,99,11.01,overcast clouds
528,Bambanglipuro,ID,-7.95,110.2833,76.17,79,94,0.65,overcast clouds
529,Ambilobe,MG,-13.2,49.05,67.23,83,97,3.89,overcast clouds
530,Prince George,CA,53.9166,-122.753,88.25,42,0,4.61,clear sky
531,Himatnagar,IN,23.6,72.95,76.59,92,100,9.22,overcast clouds
532,Meulaboh,ID,4.1363,96.1285,75.72,88,100,4.76,overcast clouds
533,Danielskuil,ZA,-28.1887,23.5395,56.68,46,8,18.59,clear sky
534,Narsaq,GL,60.9167,-46.05,53.82,90,25,0.38,scattered clouds
535,Wanlaweyn,SO,2.6185,44.8938,72.21,85,60,12.53,broken clouds
536,Teya,RU,60.3778,92.6267,56.25,95,100,7.9,light rain
537,Vila Velha,BR,-20.3297,-40.2925,70.95,87,20,0.0,few clouds
538,Tura,IN,25.5198,90.2201,75.58,86,29,2.86,scattered clouds
539,Valverde Del Camino,ES,37.5751,-6.7543,75.04,56,0,9.48,clear sky
540,Pegnitz,DE,49.7564,11.545,62.56,70,96,2.98,overcast clouds
541,Yenagoa,NG,4.9247,6.2642,73.81,96,100,3.69,moderate rain
542,Andra,RU,62.5147,65.8878,54.12,69,75,2.04,broken clouds
543,Muisne,EC,0.6,-80.0333,73.69,84,98,7.81,overcast clouds
544,Forest,US,37.3638,-79.2897,76.08,94,40,4.61,scattered clouds
545,Quesnel,CA,52.9999,-122.5029,88.3,33,0,3.44,clear sky
546,Kardla,EE,58.9978,22.7492,64.06,78,7,8.61,clear sky
547,Axim,GH,4.8699,-2.2405,75.6,88,97,10.94,overcast clouds
548,Gisborne,NZ,-38.6533,178.0042,59.54,68,100,16.67,overcast clouds
549,Swarzedz,PL,52.4129,17.085,60.89,94,75,1.14,broken clouds
550,Aranda De Duero,ES,41.6704,-3.6892,61.07,71,0,6.29,clear sky
551,Kulunda,RU,52.566,78.9385,70.57,47,100,6.58,overcast clouds
552,Bonavista,CA,48.6499,-53.1147,62.73,94,14,16.69,few clouds
553,Providencia,MX,28.7167,-111.5833,90.23,60,83,11.48,broken clouds
554,Wattegama,LK,6.7989,81.4808,76.55,88,100,0.81,heavy intensity rain
555,Mana,GF,5.6592,-53.7767,78.17,85,2,5.5,clear sky
556,Reconquista,AR,-29.15,-59.65,71.04,66,92,9.08,overcast clouds
557,Tobermory,CA,45.2501,-81.6665,64.71,76,30,10.11,scattered clouds
558,Salalah,OM,17.0151,54.0924,75.29,100,100,10.36,light intensity drizzle
559,Novyy Urgal,RU,51.0736,132.5642,73.47,78,79,0.56,moderate rain
560,Pemberton,CA,50.3164,-122.8027,98.29,29,5,1.1,clear sky
561,Phuthaditjhaba,ZA,-28.5242,28.8158,47.08,60,39,4.74,scattered clouds
562,Melbu,NO,68.5044,14.8297,51.62,87,100,8.05,overcast clouds
563,Nyurba,RU,63.2842,118.3319,81.91,59,6,7.2,clear sky
564,Cody,US,44.5263,-109.0565,81.63,42,0,6.91,clear sky
565,Konnur,IN,16.2,74.75,69.8,90,92,3.74,overcast clouds
566,Mogadishu,SO,2.0371,45.3438,75.76,81,36,19.73,scattered clouds
567,Cabo San Lucas,MX,22.8909,-109.9124,93.18,72,44,13.98,scattered clouds
568,San Vicente De Chucuri,CO,6.881,-73.4098,72.77,92,59,2.28,broken clouds
569,Kyra,RU,49.5776,111.9753,54.48,96,100,6.73,moderate rain
570,Novo Aripuana,BR,-5.1206,-60.3797,82.22,47,98,1.54,overcast clouds
571,Green River,US,41.5286,-109.4662,91.8,16,1,5.99,clear sky
572,Stawell,AU,-37.05,142.7667,54.03,71,100,11.7,overcast clouds
573,Safranbolu,TR,41.2508,32.6942,59.14,93,0,1.48,clear sky
574,Tambopata,PE,-12.7333,-69.1833,73.72,81,71,2.77,broken clouds
575,Ouadda,CF,8.0777,22.4007,67.51,98,100,3.02,overcast clouds
576,Kitimat,CA,54.0524,-128.6534,93.9,41,36,2.44,scattered clouds
577,Sao Jose Da Coroa Grande,BR,-8.8978,-35.1478,73.96,85,100,10.96,overcast clouds
578,Shimoda,JP,34.6667,138.95,85.1,79,100,8.63,overcast clouds
579,College,US,64.8569,-147.8028,56.08,69,100,13.8,light rain
580,Copiapo,CL,-27.3667,-70.3333,49.69,63,19,0.54,few clouds
581,Qianan,CN,44.9932,124.0581,81.03,60,100,12.39,overcast clouds
582,Havelock,US,34.8791,-76.9013,84.18,88,87,7.0,overcast clouds
583,Bontang,ID,0.1333,117.5,79.07,86,100,4.14,heavy intensity rain
584,Buta,CD,2.7858,24.73,70.38,99,100,2.42,overcast clouds
585,Wilsonville,US,45.2998,-122.7737,103.57,29,0,4.61,clear sky
586,Lamu,KE,-2.2717,40.902,73.62,77,90,15.86,overcast clouds
587,Banda Aceh,ID,5.5577,95.3222,79.48,80,100,6.51,overcast clouds
588,Hambantota,LK,6.1241,81.1185,75.54,100,20,2.3,few clouds
589,Tacna,PE,-18.0056,-70.2483,54.5,88,100,5.75,overcast clouds
590,Rundu,NA,-17.9333,19.7667,55.02,41,64,5.97,broken clouds
591,Hauterive,FR,46.0901,3.4459,65.16,91,0,0.96,clear sky
592,Saint-Louis,SN,16.3333,-15.0,85.64,59,80,13.02,broken clouds
593,Conceicao Do Mato Dentro,BR,-19.0372,-43.425,55.02,87,0,1.92,clear sky
594,Shelopugino,RU,51.6514,117.5599,69.13,69,5,16.26,clear sky
595,Save,BJ,8.0425,2.486,72.7,98,78,6.96,broken clouds
596,Parana,AR,-31.732,-60.5238,75.54,66,1,10.71,clear sky
597,Karratha,AU,-20.7377,116.8463,73.02,28,3,13.6,clear sky
598,Birao,CF,10.2849,22.7882,70.84,97,100,5.01,overcast clouds
599,Barra Do Garcas,BR,-15.89,-52.2567,72.03,42,0,0.81,clear sky
600,Bawku,GH,11.0616,-0.2417,74.16,82,17,9.06,few clouds
601,Baracoa,CU,20.3467,-74.4958,79.84,88,45,7.83,scattered clouds
602,Middle Island,US,40.8843,-72.9373,76.03,78,0,5.75,clear sky
603,Biak,ID,-0.9131,122.8766,75.34,93,100,6.02,overcast clouds
604,Ordzhonikidze,KZ,52.4411,61.7408,62.22,88,100,14.7,overcast clouds
605,Mahon,ES,39.8885,4.2658,73.96,73,0,3.44,clear sky
606,Sobolevo,RU,54.4299,31.8996,60.26,90,8,2.13,clear sky
607,Kurilsk,RU,45.2333,147.8833,65.35,83,43,5.68,scattered clouds
608,Yantal,RU,56.8471,105.2542,62.1,70,100,7.27,overcast clouds
609,Ormara,PK,25.2088,64.6357,82.56,83,83,5.26,broken clouds
610,Alta Gracia,AR,-31.6529,-64.4283,62.89,75,88,2.93,overcast clouds
611,Clinton,US,42.587,-82.9199,79.12,62,40,8.05,scattered clouds
612,Trapani,IT,37.8333,12.6667,81.28,73,0,4.61,clear sky
613,Venado Tuerto,AR,-33.7456,-61.9688,63.77,95,65,5.17,broken clouds
614,Chicama,PE,-7.8447,-79.1469,59.54,83,87,6.98,overcast clouds
615,Broome,US,42.2506,-75.833,69.66,81,3,3.0,clear sky
616,Vengerovo,RU,55.6848,76.7471,66.69,78,100,5.95,overcast clouds
617,Aksum,ET,14.1245,38.7244,57.74,86,91,2.82,overcast clouds
618,Kollam,IN,8.8833,76.6,76.86,90,53,7.9,broken clouds
619,Kenora,CA,49.8167,-94.4337,68.97,56,75,9.22,broken clouds
620,Jacareacanga,BR,-6.2222,-57.7528,79.56,48,65,2.35,broken clouds
621,Benguela,AO,-12.5763,13.4055,67.21,91,3,3.67,clear sky
622,Hlobyne,UA,49.3878,33.2596,61.11,91,0,5.66,clear sky
623,Sakaiminato,JP,35.55,133.2333,84.13,82,5,9.37,clear sky
624,Tabuk,PH,17.4189,121.4443,82.76,77,100,3.02,overcast clouds
625,Leshukonskoye,RU,64.8989,45.7622,57.38,72,94,5.68,overcast clouds
626,Bria,CF,6.5423,21.9863,69.42,96,100,1.5,light rain
627,Aripuana,BR,-9.1667,-60.6333,75.7,47,72,2.37,broken clouds
628,Asha,RU,54.9973,57.2722,59.07,93,61,4.79,broken clouds
629,Kedougou,SN,12.5579,-12.1743,81.18,83,20,2.3,thunderstorm
630,Asyut,EG,27.181,31.1837,80.78,19,0,7.38,clear sky
631,Akyab,MM,20.15,92.9,81.68,79,16,3.71,few clouds
632,Plouzane,FR,48.3833,-4.6167,59.05,94,100,5.75,fog
633,Pedernales,DO,18.0384,-71.744,82.42,71,1,8.3,clear sky
634,Jiuquan,CN,39.7432,98.5174,83.25,13,0,12.91,clear sky
635,Rocha,UY,-34.4833,-54.3333,60.69,96,43,3.96,scattered clouds
636,Santiago,CL,-33.4569,-70.6483,54.86,76,0,5.75,clear sky
637,Garissa,KE,-0.4536,39.6401,70.95,83,82,16.22,broken clouds
638,Ostrovnoy,RU,68.0531,39.5131,60.4,73,97,19.75,overcast clouds
639,Howard Springs,AU,-12.497,131.047,78.87,64,97,14.12,overcast clouds
640,Guanay,BO,-15.4975,-67.8797,75.9,76,100,0.94,overcast clouds
641,Kamenka,RU,51.3223,42.7678,62.74,91,10,4.59,clear sky
642,Khilok,RU,51.3674,110.4676,52.25,99,100,10.94,overcast clouds
643,Pimentel,PE,-6.8367,-79.9342,62.56,87,99,15.73,overcast clouds
644,Ayagoz,KZ,47.9714,80.4392,69.26,37,87,7.45,overcast clouds
645,Stirion,GR,38.4,22.7167,69.71,54,0,2.55,clear sky
646,Joshimath,IN,30.5667,79.5667,71.11,92,95,1.32,overcast clouds
647,Governador Valadares,BR,-18.8511,-41.9494,70.61,66,79,4.63,broken clouds
648,Suffolk,US,40.8668,-72.7996,76.05,79,0,5.75,clear sky
649,Heswall,GB,53.3273,-3.0965,56.12,86,20,4.61,few clouds
650,Portales,US,34.1862,-103.3344,95.02,24,54,13.73,broken clouds
651,Kyenjojo,UG,0.6328,30.6214,66.85,55,100,1.63,overcast clouds
652,Mount Isa,AU,-20.7333,139.5,64.17,29,0,13.8,clear sky
653,Zhanaozen,KZ,43.3,52.8,74.44,48,0,7.72,clear sky
654,Qeshm,IR,26.9581,56.2719,82.29,87,100,10.51,light rain
655,Solnechnyy,RU,50.7214,136.6319,66.88,76,85,3.27,overcast clouds
656,Wewak,PG,-3.5534,143.6268,83.41,74,96,7.81,overcast clouds
657,Kavaje,AL,41.1856,19.5569,71.76,60,0,2.98,clear sky
658,Winnemucca,US,40.973,-117.7357,98.65,6,0,3.44,clear sky
659,Lund,SE,55.7058,13.1932,56.52,70,96,16.35,overcast clouds
660,Itaueira,BR,-7.6033,-43.0256,77.88,43,100,9.86,overcast clouds
661,Tigil,RU,57.8,158.6667,67.71,47,63,13.11,broken clouds
662,Kihei,US,20.785,-156.4656,87.82,65,40,28.77,scattered clouds
663,Bairiki,KI,1.3292,172.9752,86.0,66,40,17.27,light rain
664,Kuah,MY,6.3265,99.8432,80.58,83,20,3.44,few clouds
665,Tukrah,LY,32.5341,20.5791,77.36,85,0,3.49,clear sky
666,Marau,BR,-28.4492,-52.2,58.96,89,10,3.06,clear sky
667,Kletskaya,RU,49.3145,43.0584,66.61,78,6,3.04,clear sky
668,Wiang Sa,TH,8.6359,99.3666,82.89,88,37,1.68,scattered clouds
669,Mangrol,IN,21.1167,70.1167,81.19,81,100,10.56,overcast clouds
670,Vanavara,RU,60.34,102.2797,57.11,97,100,9.44,overcast clouds
671,Safford,US,32.834,-109.7076,90.52,40,20,11.5,few clouds
672,Balikpapan,ID,-1.2675,116.8289,77.99,94,40,4.61,moderate rain
673,Griffith,US,41.5284,-87.4237,78.06,78,0,6.91,clear sky
674,Diffa,NE,13.3154,12.6113,83.34,63,100,16.93,overcast clouds
675,Darhan,MN,49.4867,105.9228,61.56,62,100,5.5,light rain
676,Lyubinskiy,RU,55.1542,72.6925,67.68,79,100,4.27,overcast clouds
677,Abnub,EG,27.2696,31.1511,80.82,20,0,7.27,clear sky
